[{"DocumentTypeId":"customerServiceDepartment.engagementTeam.bankStatement","Keywords":[]},{"DocumentTypeId":"customerServiceDepartment.engagementTeam.businessRegistration","Keywords":[]},{"DocumentTypeId":"customerServiceDepartment.engagementTeam.retirementDocument","Keywords":[]},{"DocumentTypeId":"customerServiceDepartment.engagementTeam.invoice","Keywords":[{"Values":["INVOICE"],"NumberOfTimesConfirmed":1,"LastUpdated":"2020-05-07T22:03:39.8243657+08:00"}]},{"DocumentTypeId":"customerServiceDepartment.engagementTeam.purchaseOrders","Keywords":[{"Values":["PURCHASE ORDER"],"NumberOfTimesConfirmed":1,"LastUpdated":"2020-05-07T22:03:20.5422418+08:00"}]},{"DocumentTypeId":"customerServiceDepartment.engagementTeam.receipt","Keywords":[{"Values":["CASHIER"],"NumberOfTimesConfirmed":1,"LastUpdated":"2020-05-07T22:02:07.1895324+08:00"},{"Values":["RESTAURANT"],"NumberOfTimesConfirmed":1,"LastUpdated":"2020-05-07T22:03:20.556204+08:00"}]},{"DocumentTypeId":"customerServiceDepartment.engagementTeam.utilitysBill","Keywords":[{"Values":["BILL"],"NumberOfTimesConfirmed":1,"LastUpdated":"2020-05-07T22:08:52.1293857+08:00"},{"Values":["energi"],"NumberOfTimesConfirmed":1,"LastUpdated":"2020-05-07T22:15:11.9281665+08:00"},{"Values":["水務著"],"NumberOfTimesConfirmed":1,"LastUpdated":"2020-05-07T22:17:52.0579481+08:00"}]}]
