﻿{
  "DataContractVersion": "1.0",
  "DocumentTypes": [
    {
      "DocumentTypeId": "customerServiceDepartment.engagementTeam.invoice",
      "Group": "customerServiceDepartment",
      "Category": "engagementTeam",
      "Name": "invoice",
      "OptionalUniqueIdentifier": null,
      "TypeField": {
        "FieldId": "customerServiceDepartment.engagementTeam.invoice.DocumentType",
        "FieldName": "Document Type"
      },
      "Fields": [
        {
          "FieldId": "customerServiceDepartment.engagementTeam.invoice.name",
          "FieldName": "name",
          "IsMultiValue": false,
          "Type": "Text",
          "DeriveFieldsFormat": "",
          "Components": [],
          "SetValues": []
        },
        {
          "FieldId": "customerServiceDepartment.engagementTeam.invoice.vendor-addr",
          "FieldName": "vendor-addr",
          "IsMultiValue": false,
          "Type": "Address",
          "DeriveFieldsFormat": "",
          "Components": [],
          "SetValues": []
        },
        {
          "FieldId": "customerServiceDepartment.engagementTeam.invoice.billing-name",
          "FieldName": "billing-name",
          "IsMultiValue": false,
          "Type": "Text",
          "DeriveFieldsFormat": "",
          "Components": [],
          "SetValues": []
        },
        {
          "FieldId": "customerServiceDepartment.engagementTeam.invoice.billing-addr",
          "FieldName": "billing-addr",
          "IsMultiValue": false,
          "Type": "Address",
          "DeriveFieldsFormat": "",
          "Components": [],
          "SetValues": []
        },
        {
          "FieldId": "customerServiceDepartment.engagementTeam.invoice.shipping-addr",
          "FieldName": "shipping-addr",
          "IsMultiValue": false,
          "Type": "Address",
          "DeriveFieldsFormat": "",
          "Components": [],
          "SetValues": []
        },
        {
          "FieldId": "customerServiceDepartment.engagementTeam.invoice.invoice-no",
          "FieldName": "invoice-no",
          "IsMultiValue": false,
          "Type": "Number",
          "DeriveFieldsFormat": "",
          "Components": [],
          "SetValues": []
        },
        {
          "FieldId": "customerServiceDepartment.engagementTeam.invoice.payment-terms",
          "FieldName": "payment-terms",
          "IsMultiValue": false,
          "Type": "Text",
          "DeriveFieldsFormat": "",
          "Components": [],
          "SetValues": []
        },
        {
          "FieldId": "customerServiceDepartment.engagementTeam.invoice.due-date",
          "FieldName": "due-date",
          "IsMultiValue": false,
          "Type": "Date",
          "DeriveFieldsFormat": "",
          "Components": [],
          "SetValues": []
        },
        {
          "FieldId": "customerServiceDepartment.engagementTeam.invoice.po-no",
          "FieldName": "po-no",
          "IsMultiValue": false,
          "Type": "Number",
          "DeriveFieldsFormat": "",
          "Components": [],
          "SetValues": []
        },
        {
          "FieldId": "customerServiceDepartment.engagementTeam.invoice.date",
          "FieldName": "date",
          "IsMultiValue": false,
          "Type": "Date",
          "DeriveFieldsFormat": "",
          "Components": [],
          "SetValues": []
        },
        {
          "FieldId": "customerServiceDepartment.engagementTeam.invoice.net-amount",
          "FieldName": "net-amount",
          "IsMultiValue": false,
          "Type": "Number",
          "DeriveFieldsFormat": "",
          "Components": [],
          "SetValues": []
        },
        {
          "FieldId": "customerServiceDepartment.engagementTeam.invoice.tax",
          "FieldName": "tax",
          "IsMultiValue": false,
          "Type": "Text",
          "DeriveFieldsFormat": "",
          "Components": [],
          "SetValues": []
        },
        {
          "FieldId": "customerServiceDepartment.engagementTeam.invoice.total",
          "FieldName": "total",
          "IsMultiValue": false,
          "Type": "Number",
          "DeriveFieldsFormat": "",
          "Components": [],
          "SetValues": []
        },
        {
          "FieldId": "customerServiceDepartment.engagementTeam.invoice.currency",
          "FieldName": "currency",
          "IsMultiValue": false,
          "Type": "Text",
          "DeriveFieldsFormat": "",
          "Components": [],
          "SetValues": []
        },
        {
          "FieldId": "customerServiceDepartment.engagementTeam.invoice.itemization",
          "FieldName": "itemization",
          "IsMultiValue": false,
          "Type": "Table",
          "DeriveFieldsFormat": "",
          "Components": [
            {
              "FieldId": "customerServiceDepartment.engagementTeam.invoice.itemization.description",
              "FieldName": "description",
              "IsMultiValue": false,
              "Type": "Text",
              "DeriveFieldsFormat": "",
              "Components": [],
              "SetValues": []
            },
            {
              "FieldId": "customerServiceDepartment.engagementTeam.invoice.itemization.item-po-no",
              "FieldName": "item-po-no",
              "IsMultiValue": false,
              "Type": "Number",
              "DeriveFieldsFormat": "",
              "Components": [],
              "SetValues": []
            },
            {
              "FieldId": "customerServiceDepartment.engagementTeam.invoice.itemization.line-amount",
              "FieldName": "line-amount",
              "IsMultiValue": false,
              "Type": "Number",
              "DeriveFieldsFormat": "",
              "Components": [],
              "SetValues": []
            },
            {
              "FieldId": "customerServiceDepartment.engagementTeam.invoice.itemization.line-no",
              "FieldName": "line-no",
              "IsMultiValue": false,
              "Type": "Number",
              "DeriveFieldsFormat": "",
              "Components": [],
              "SetValues": []
            },
            {
              "FieldId": "customerServiceDepartment.engagementTeam.invoice.itemization.part-no",
              "FieldName": "part-no",
              "IsMultiValue": false,
              "Type": "Number",
              "DeriveFieldsFormat": "",
              "Components": [],
              "SetValues": []
            },
            {
              "FieldId": "customerServiceDepartment.engagementTeam.invoice.itemization.quantity",
              "FieldName": "quantity",
              "IsMultiValue": false,
              "Type": "Number",
              "DeriveFieldsFormat": "",
              "Components": [],
              "SetValues": []
            },
            {
              "FieldId": "customerServiceDepartment.engagementTeam.invoice.itemization.unit-price",
              "FieldName": "unit-price",
              "IsMultiValue": false,
              "Type": "Number",
              "DeriveFieldsFormat": "",
              "Components": [],
              "SetValues": []
            }
          ],
          "SetValues": []
        }
      ]
    },
    {
      "DocumentTypeId": "customerServiceDepartment.engagementTeam.receipt",
      "Group": "customerServiceDepartment",
      "Category": "engagementTeam",
      "Name": "receipt",
      "OptionalUniqueIdentifier": null,
      "TypeField": {
        "FieldId": "customerServiceDepartment.engagementTeam.receipt.DocumentType",
        "FieldName": "Document Type"
      },
      "Fields": [
        {
          "FieldId": "customerServiceDepartment.engagementTeam.receipt.name",
          "FieldName": "name",
          "IsMultiValue": false,
          "Type": "Text",
          "DeriveFieldsFormat": "",
          "Components": [],
          "SetValues": []
        },
        {
          "FieldId": "customerServiceDepartment.engagementTeam.receipt.total",
          "FieldName": "total",
          "IsMultiValue": false,
          "Type": "Number",
          "DeriveFieldsFormat": "",
          "Components": [],
          "SetValues": []
        },
        {
          "FieldId": "customerServiceDepartment.engagementTeam.receipt.vendor-addr",
          "FieldName": "vendor-addr",
          "IsMultiValue": false,
          "Type": "Text",
          "DeriveFieldsFormat": "",
          "Components": [],
          "SetValues": []
        },
        {
          "FieldId": "customerServiceDepartment.engagementTeam.receipt.date",
          "FieldName": "date",
          "IsMultiValue": false,
          "Type": "Date",
          "DeriveFieldsFormat": "",
          "Components": [],
          "SetValues": []
        },
        {
          "FieldId": "customerServiceDepartment.engagementTeam.receipt.phone",
          "FieldName": "phone",
          "IsMultiValue": false,
          "Type": "Number",
          "DeriveFieldsFormat": "",
          "Components": [],
          "SetValues": []
        },
        {
          "FieldId": "customerServiceDepartment.engagementTeam.receipt.currency",
          "FieldName": "currency",
          "IsMultiValue": false,
          "Type": "Text",
          "DeriveFieldsFormat": "",
          "Components": [],
          "SetValues": []
        },
        {
          "FieldId": "customerServiceDepartment.engagementTeam.receipt.expense-type",
          "FieldName": "expense-type",
          "IsMultiValue": false,
          "Type": "Text",
          "DeriveFieldsFormat": "",
          "Components": [],
          "SetValues": []
        },
        {
          "FieldId": "customerServiceDepartment.engagementTeam.receipt.itemization",
          "FieldName": "itemization",
          "IsMultiValue": false,
          "Type": "Table",
          "DeriveFieldsFormat": "",
          "Components": [
            {
              "FieldId": "customerServiceDepartment.engagementTeam.receipt.itemization.description",
              "FieldName": "description",
              "IsMultiValue": false,
              "Type": "Text",
              "DeriveFieldsFormat": "",
              "Components": [],
              "SetValues": []
            },
            {
              "FieldId": "customerServiceDepartment.engagementTeam.receipt.itemization.line-amount",
              "FieldName": "line-amount",
              "IsMultiValue": false,
              "Type": "Number",
              "DeriveFieldsFormat": "",
              "Components": [],
              "SetValues": []
            },
            {
              "FieldId": "customerServiceDepartment.engagementTeam.receipt.itemization.unit-price",
              "FieldName": "unit-price",
              "IsMultiValue": false,
              "Type": "Number",
              "DeriveFieldsFormat": "",
              "Components": [],
              "SetValues": []
            },
            {
              "FieldId": "customerServiceDepartment.engagementTeam.receipt.itemization.quantity",
              "FieldName": "quantity",
              "IsMultiValue": false,
              "Type": "Text",
              "DeriveFieldsFormat": "",
              "Components": [],
              "SetValues": []
            }
          ],
          "SetValues": []
        }
      ]
    },
    {
      "DocumentTypeId": "customerServiceDepartment.engagementTeam.utilitysBill",
      "Group": "customerServiceDepartment",
      "Category": "engagementTeam",
      "Name": "utilitysBill",
      "OptionalUniqueIdentifier": null,
      "TypeField": {
        "FieldId": "customerServiceDepartment.engagementTeam.utilitysBill.DocumentType",
        "FieldName": "Document Type"
      },
      "Fields": [
        {
          "FieldId": "customerServiceDepartment.engagementTeam.utilitysBill.name",
          "FieldName": "billing-name",
          "IsMultiValue": false,
          "Type": "Text",
          "DeriveFieldsFormat": "",
          "Components": [],
          "SetValues": []
        },
        {
          "FieldId": "customerServiceDepartment.engagementTeam.utilitysBill.billing-address",
          "FieldName": "billing-address",
          "IsMultiValue": false,
          "Type": "Text",
          "DeriveFieldsFormat": "",
          "Components": [],
          "SetValues": []
        },
        {
          "FieldId": "customerServiceDepartment.engagementTeam.utilitysBill.vendor-name",
          "FieldName": "vendor-name",
          "IsMultiValue": false,
          "Type": "Text",
          "DeriveFieldsFormat": "",
          "Components": [],
          "SetValues": []
        },
        {
          "FieldId": "customerServiceDepartment.engagementTeam.utilitysBill.vendor-address",
          "FieldName": "vendor-address",
          "IsMultiValue": false,
          "Type": "Text",
          "DeriveFieldsFormat": "",
          "Components": [],
          "SetValues": []
        },
        {
          "FieldId": "customerServiceDepartment.engagementTeam.utilitysBill.account-number",
          "FieldName": "account-number",
          "IsMultiValue": false,
          "Type": "Text",
          "DeriveFieldsFormat": "",
          "Components": [],
          "SetValues": []
        },
        {
          "FieldId": "customerServiceDepartment.engagementTeam.utilitysBill.invoice-number",
          "FieldName": "invoice-number",
          "IsMultiValue": false,
          "Type": "Text",
          "DeriveFieldsFormat": "",
          "Components": [],
          "SetValues": []
        },
        {
          "FieldId": "customerServiceDepartment.engagementTeam.utilitysBill.total-amount",
          "FieldName": "total-amount",
          "IsMultiValue": false,
          "Type": "Text",
          "DeriveFieldsFormat": "",
          "Components": [],
          "SetValues": []
        },
        {
          "FieldId": "customerServiceDepartment.engagementTeam.utilitysBill.invoice-date",
          "FieldName": "invoice-date",
          "IsMultiValue": false,
          "Type": "Date",
          "DeriveFieldsFormat": "",
          "Components": [],
          "SetValues": []
        },
        {
          "FieldId": "customerServiceDepartment.engagementTeam.utilitysBill.due-date",
          "FieldName": "due-date",
          "IsMultiValue": false,
          "Type": "Date",
          "DeriveFieldsFormat": "",
          "Components": [],
          "SetValues": []
        },
        {
          "FieldId": "customerServiceDepartment.engagementTeam.utilitysBill.payment-address",
          "FieldName": "payment-address",
          "IsMultiValue": false,
          "Type": "Text",
          "DeriveFieldsFormat": "",
          "Components": [],
          "SetValues": []
        },
        {
          "FieldId": "customerServiceDepartment.engagementTeam.utilitysBill.service-from-date",
          "FieldName": "service-from-date",
          "IsMultiValue": false,
          "Type": "Date",
          "DeriveFieldsFormat": "",
          "Components": [],
          "SetValues": []
        },
        {
          "FieldId": "customerServiceDepartment.engagementTeam.utilitysBill.service-to-date",
          "FieldName": "service-to-date",
          "IsMultiValue": false,
          "Type": "Date",
          "DeriveFieldsFormat": "",
          "Components": [],
          "SetValues": []
        },
        {
          "FieldId": "customerServiceDepartment.engagementTeam.utilitysBill.payment-terms",
          "FieldName": "payment-terms",
          "IsMultiValue": false,
          "Type": "Text",
          "DeriveFieldsFormat": "",
          "Components": [],
          "SetValues": []
        },
        {
          "FieldId": "customerServiceDepartment.engagementTeam.utilitysBill.previous-balance",
          "FieldName": "previous-balance",
          "IsMultiValue": false,
          "Type": "Number",
          "DeriveFieldsFormat": "",
          "Components": [],
          "SetValues": []
        },
        {
          "FieldId": "customerServiceDepartment.engagementTeam.utilitysBill.itemization",
          "FieldName": "itemization",
          "IsMultiValue": false,
          "Type": "Table",
          "DeriveFieldsFormat": "",
          "Components": [
            {
              "FieldId": "customerServiceDepartment.engagementTeam.utilitysBill.itemization.description",
              "FieldName": "description",
              "IsMultiValue": false,
              "Type": "Text",
              "DeriveFieldsFormat": "",
              "Components": [],
              "SetValues": []
            },
            {
              "FieldId": "customerServiceDepartment.engagementTeam.utilitysBill.itemization.item-po-no",
              "FieldName": "item-po-no",
              "IsMultiValue": false,
              "Type": "Number",
              "DeriveFieldsFormat": "",
              "Components": [],
              "SetValues": []
            },
            {
              "FieldId": "customerServiceDepartment.engagementTeam.utilitysBill.itemization.line-amount",
              "FieldName": "line-amount",
              "IsMultiValue": false,
              "Type": "Number",
              "DeriveFieldsFormat": "",
              "Components": [],
              "SetValues": []
            },
            {
              "FieldId": "customerServiceDepartment.engagementTeam.utilitysBill.itemization.line-no",
              "FieldName": "line-no",
              "IsMultiValue": false,
              "Type": "Number",
              "DeriveFieldsFormat": "",
              "Components": [],
              "SetValues": []
            },
            {
              "FieldId": "customerServiceDepartment.engagementTeam.utilitysBill.itemization.part-no",
              "FieldName": "part-no",
              "IsMultiValue": false,
              "Type": "Number",
              "DeriveFieldsFormat": "",
              "Components": [],
              "SetValues": []
            },
            {
              "FieldId": "customerServiceDepartment.engagementTeam.utilitysBill.itemization.quantity",
              "FieldName": "quantity",
              "IsMultiValue": false,
              "Type": "Number",
              "DeriveFieldsFormat": "",
              "Components": [],
              "SetValues": []
            },
            {
              "FieldId": "customerServiceDepartment.engagementTeam.utilitysBill.itemization.unit-price",
              "FieldName": "unit-price",
              "IsMultiValue": false,
              "Type": "Number",
              "DeriveFieldsFormat": "",
              "Components": [],
              "SetValues": []
            }
          ],
          "SetValues": []
        }
      ]
    },
    {
      "DocumentTypeId": "customerServiceDepartment.engagementTeam.purchaseOrders",
      "Group": "customerServiceDepartment",
      "Category": "engagementTeam",
      "Name": "purchaseOrders",
      "OptionalUniqueIdentifier": null,
      "TypeField": {
        "FieldId": "customerServiceDepartment.engagementTeam.purchaseOrders.DocumentType",
        "FieldName": "Document Type"
      },
      "Fields": [
        {
          "FieldId": "customerServiceDepartment.engagementTeam.purchaseOrders.po-number",
          "FieldName": "po-number",
          "IsMultiValue": false,
          "Type": "Text",
          "DeriveFieldsFormat": "",
          "Components": [],
          "SetValues": []
        },
        {
          "FieldId": "customerServiceDepartment.engagementTeam.purchaseOrders.date",
          "FieldName": "date",
          "IsMultiValue": false,
          "Type": "Date",
          "DeriveFieldsFormat": "",
          "Components": [],
          "SetValues": []
        },
        {
          "FieldId": "customerServiceDepartment.engagementTeam.purchaseOrders.client-name",
          "FieldName": "client-name",
          "IsMultiValue": false,
          "Type": "Text",
          "DeriveFieldsFormat": "",
          "Components": [],
          "SetValues": []
        },
        {
          "FieldId": "customerServiceDepartment.engagementTeam.purchaseOrders.client-address",
          "FieldName": "client-address",
          "IsMultiValue": false,
          "Type": "Text",
          "DeriveFieldsFormat": "",
          "Components": [],
          "SetValues": []
        },
        {
          "FieldId": "customerServiceDepartment.engagementTeam.purchaseOrders.vendor-name",
          "FieldName": "vendor-name",
          "IsMultiValue": false,
          "Type": "Text",
          "DeriveFieldsFormat": "",
          "Components": [],
          "SetValues": []
        },
        {
          "FieldId": "customerServiceDepartment.engagementTeam.purchaseOrders.vendor-address",
          "FieldName": "vendor-address",
          "IsMultiValue": false,
          "Type": "Text",
          "DeriveFieldsFormat": "",
          "Components": [],
          "SetValues": []
        },
        {
          "FieldId": "customerServiceDepartment.engagementTeam.purchaseOrders.shipping-name",
          "FieldName": "shipping-name",
          "IsMultiValue": false,
          "Type": "Text",
          "DeriveFieldsFormat": "",
          "Components": [],
          "SetValues": []
        },
        {
          "FieldId": "customerServiceDepartment.engagementTeam.purchaseOrders.shipping-address",
          "FieldName": "shipping-address",
          "IsMultiValue": false,
          "Type": "Text",
          "DeriveFieldsFormat": "",
          "Components": [],
          "SetValues": []
        },
        {
          "FieldId": "customerServiceDepartment.engagementTeam.purchaseOrders.billing-name",
          "FieldName": "billing-name",
          "IsMultiValue": false,
          "Type": "Text",
          "DeriveFieldsFormat": "",
          "Components": [],
          "SetValues": []
        },
        {
          "FieldId": "customerServiceDepartment.engagementTeam.purchaseOrders.billing-address",
          "FieldName": "billing-address",
          "IsMultiValue": false,
          "Type": "Text",
          "DeriveFieldsFormat": "",
          "Components": [],
          "SetValues": []
        },
        {
          "FieldId": "customerServiceDepartment.engagementTeam.purchaseOrders.payment-terms",
          "FieldName": "payment-terms",
          "IsMultiValue": false,
          "Type": "Text",
          "DeriveFieldsFormat": "",
          "Components": [],
          "SetValues": []
        },
        {
          "FieldId": "customerServiceDepartment.engagementTeam.purchaseOrders.delivery-by-date",
          "FieldName": "delivery-by-date",
          "IsMultiValue": false,
          "Type": "Date",
          "DeriveFieldsFormat": "",
          "Components": [],
          "SetValues": []
        },
        {
          "FieldId": "customerServiceDepartment.engagementTeam.purchaseOrders.discount",
          "FieldName": "discount",
          "IsMultiValue": false,
          "Type": "Number",
          "DeriveFieldsFormat": "",
          "Components": [],
          "SetValues": []
        },
        {
          "FieldId": "customerServiceDepartment.engagementTeam.purchaseOrders.net-amount",
          "FieldName": "net-amount",
          "IsMultiValue": false,
          "Type": "Number",
          "DeriveFieldsFormat": "",
          "Components": [],
          "SetValues": []
        },
        {
          "FieldId": "customerServiceDepartment.engagementTeam.purchaseOrders.tax-amount",
          "FieldName": "tax-amount",
          "IsMultiValue": false,
          "Type": "Number",
          "DeriveFieldsFormat": "",
          "Components": [],
          "SetValues": []
        },
        {
          "FieldId": "customerServiceDepartment.engagementTeam.purchaseOrders.tax-rate",
          "FieldName": "tax-rate",
          "IsMultiValue": false,
          "Type": "Number",
          "DeriveFieldsFormat": "",
          "Components": [],
          "SetValues": []
        },
        {
          "FieldId": "customerServiceDepartment.engagementTeam.purchaseOrders.total-amount",
          "FieldName": "total-amount",
          "IsMultiValue": false,
          "Type": "Number",
          "DeriveFieldsFormat": "",
          "Components": [],
          "SetValues": []
        },
        {
          "FieldId": "customerServiceDepartment.engagementTeam.purchaseOrders.itemization",
          "FieldName": "itemization",
          "IsMultiValue": false,
          "Type": "Table",
          "DeriveFieldsFormat": "",
          "Components": [
            {
              "FieldId": "customerServiceDepartment.engagementTeam.purchaseOrders.itemization.line-number",
              "FieldName": "line-number",
              "IsMultiValue": false,
              "Type": "Number",
              "DeriveFieldsFormat": "",
              "Components": [],
              "SetValues": []
            },
            {
              "FieldId": "customerServiceDepartment.engagementTeam.purchaseOrders.itemization.description",
              "FieldName": "description",
              "IsMultiValue": false,
              "Type": "Text",
              "DeriveFieldsFormat": "",
              "Components": [],
              "SetValues": []
            },
            {
              "FieldId": "customerServiceDepartment.engagementTeam.purchaseOrders.itemization.product-code",
              "FieldName": "product-code",
              "IsMultiValue": false,
              "Type": "Number",
              "DeriveFieldsFormat": "",
              "Components": [],
              "SetValues": []
            },
            {
              "FieldId": "customerServiceDepartment.engagementTeam.purchaseOrders.itemization.delivery-date",
              "FieldName": "delivery-date",
              "IsMultiValue": false,
              "Type": "Date",
              "DeriveFieldsFormat": "",
              "Components": [],
              "SetValues": []
            },
            {
              "FieldId": "customerServiceDepartment.engagementTeam.purchaseOrders.itemization.unit-measure",
              "FieldName": "unit-measure",
              "IsMultiValue": false,
              "Type": "Text",
              "DeriveFieldsFormat": "",
              "Components": [],
              "SetValues": []
            },
            {
              "FieldId": "customerServiceDepartment.engagementTeam.purchaseOrders.itemization.unit-price",
              "FieldName": "unit-price",
              "IsMultiValue": false,
              "Type": "Number",
              "DeriveFieldsFormat": "",
              "Components": [],
              "SetValues": []
            },
            {
              "FieldId": "customerServiceDepartment.engagementTeam.purchaseOrders.itemization.quantity",
              "FieldName": "quantity",
              "IsMultiValue": false,
              "Type": "Number",
              "DeriveFieldsFormat": "",
              "Components": [],
              "SetValues": []
            },
            {
              "FieldId": "customerServiceDepartment.engagementTeam.purchaseOrders.itemization.line-net-amount",
              "FieldName": "line-net-amount",
              "IsMultiValue": false,
              "Type": "Number",
              "DeriveFieldsFormat": "",
              "Components": [],
              "SetValues": []
            },
            {
              "FieldId": "customerServiceDepartment.engagementTeam.purchaseOrders.itemization.line-tax-rate",
              "FieldName": "line-tax-rate",
              "IsMultiValue": false,
              "Type": "Number",
              "DeriveFieldsFormat": "",
              "Components": [],
              "SetValues": []
            },
            {
              "FieldId": "customerServiceDepartment.engagementTeam.purchaseOrders.itemization.line-tax-amount",
              "FieldName": "line-tax-amount",
              "IsMultiValue": false,
              "Type": "Number",
              "DeriveFieldsFormat": "",
              "Components": [],
              "SetValues": []
            },
            {
              "FieldId": "customerServiceDepartment.engagementTeam.purchaseOrders.itemization.line-amount",
              "FieldName": "line-amount",
              "IsMultiValue": false,
              "Type": "Number",
              "DeriveFieldsFormat": "",
              "Components": [],
              "SetValues": []
            }
          ],
          "SetValues": []
        },
        {
          "FieldId": "customerServiceDepartment.engagementTeam.purchaseOrders.currency",
          "FieldName": "currency",
          "IsMultiValue": false,
          "Type": "Text",
          "DeriveFieldsFormat": "",
          "Components": [],
          "SetValues": []
        }
      ]
    }
  ],
  "Groups": [
    {
      "Name": "customerServiceDepartment",
      "Categories": [
        "engagementTeam"
      ]
    }
  ],
  "SupportedLanguages": [
    {
      "Name": "Undetermined Language",
      "Code": "und"
    },
    {
      "Name": "Bulgarian",
      "Code": "bul"
    },
    {
      "Name": "Cantonese",
      "Code": "yue"
    },
    {
      "Name": "Danish",
      "Code": "dan"
    },
    {
      "Name": "Dutch",
      "Code": "nld"
    },
    {
      "Name": "English",
      "Code": "eng"
    },
    {
      "Name": "French",
      "Code": "fra"
    },
    {
      "Name": "Georgian",
      "Code": "kat"
    },
    {
      "Name": "German",
      "Code": "deu"
    },
    {
      "Name": "Greek",
      "Code": "ell"
    },
    {
      "Name": "Hebrew",
      "Code": "heb"
    },
    {
      "Name": "Hindi",
      "Code": "hin"
    },
    {
      "Name": "Italian",
      "Code": "ita"
    },
    {
      "Name": "Japanese",
      "Code": "jpn"
    },
    {
      "Name": "Korean",
      "Code": "kor"
    },
    {
      "Name": "Macedonian",
      "Code": "mkd"
    },
    {
      "Name": "Mandarin",
      "Code": "zho"
    },
    {
      "Name": "Marathi",
      "Code": "mar"
    },
    {
      "Name": "Norwegian",
      "Code": "nor"
    },
    {
      "Name": "Polish",
      "Code": "pol"
    },
    {
      "Name": "Portuguese",
      "Code": "por"
    },
    {
      "Name": "Romanian",
      "Code": "ron"
    },
    {
      "Name": "Russian",
      "Code": "rus"
    },
    {
      "Name": "Serbian",
      "Code": "srp"
    },
    {
      "Name": "Spanish",
      "Code": "spa"
    },
    {
      "Name": "Swedish",
      "Code": "swe"
    },
    {
      "Name": "Telugu",
      "Code": "tel"
    }
  ]
}